titulo_id,fornecedor,cnpj_fornecedor,categoria_despesa,data_emissao,data_vencimento,valor,status
PAG-70000,Prysmian Cabos do Brasil,10.004.970/0001-27,Insumos,2025-01-18,2025-02-17,-47832.98,Pago
PAG-70001,Prysmian Cabos do Brasil,10.005.041/0001-40,Insumos,2025-01-05,2025-02-04,-67767.66,Pago
PAG-70002,Prysmian Cabos do Brasil,10.005.112/0001-53,Insumos,2025-01-22,2025-03-08,-65492.13,Pago
PAG-70003,Prysmian Cabos do Brasil,10.005.183/0001-66,Insumos,2025-01-18,2025-02-17,-69811.95,Pago
PAG-70004,Prysmian Cabos do Brasil,10.005.254/0001-79,Insumos,2025-01-15,2025-01-30,-46490.79,Pago
PAG-70005,Prysmian Cabos do Brasil,10.005.325/0001-92,Insumos,2025-01-24,2025-02-21,-64397.58,Pago
PAG-70006,Prysmian Cabos do Brasil,10.005.396/0001-15,Insumos,2025-01-06,2025-02-03,-68290.3,Pago
PAG-70007,Prysmian Cabos do Brasil,10.005.467/0001-28,Insumos,2025-01-16,2025-01-31,-76401.65,Pago
PAG-70008,Prysmian Cabos do Brasil,10.005.538/0001-41,Insumos,2025-01-26,2025-03-12,-55251.04,Pago
PAG-70009,Prysmian Cabos do Brasil,10.005.609/0001-54,Insumos,2025-01-26,2025-02-10,-52401.45,Pago
PAG-70010,Prysmian Cabos do Brasil,10.005.680/0001-67,Insumos,2025-01-09,2025-02-08,-63479.18,Pago
PAG-70011,Prysmian Cabos do Brasil,10.005.751/0001-80,Insumos,2025-01-16,2025-02-13,-65373.61,Pago
PAG-70012,Schneider Electric Brasil,10.005.822/0001-93,Insumos,2025-01-07,2025-01-22,-37915.38,Pago
PAG-70013,Schneider Electric Brasil,10.005.893/0001-16,Insumos,2025-01-10,2025-02-24,-20999.86,Pago
PAG-70014,Schneider Electric Brasil,10.005.964/0001-29,Insumos,2025-01-17,2025-02-14,-29346.76,Pago
PAG-70015,Schneider Electric Brasil,10.006.035/0001-42,Insumos,2025-01-15,2025-01-30,-39729.44,Pago
PAG-70016,Schneider Electric Brasil,10.006.106/0001-55,Insumos,2025-01-08,2025-02-07,-27561.41,Pago
PAG-70017,Empalux Iluminação,10.006.177/0001-68,Insumos,2025-01-15,2025-02-14,-31314.23,Pago
PAG-70018,Empalux Iluminação,10.006.248/0001-81,Insumos,2025-01-20,2025-03-06,-49859.44,Pago
PAG-70019,Empalux Iluminação,10.006.319/0001-94,Insumos,2025-01-24,2025-02-23,-25701.43,Pago
PAG-70020,Avant Iluminação,10.006.390/0001-17,Insumos,2025-01-23,2025-02-07,-30818.41,Pago
PAG-70021,Avant Iluminação,10.006.461/0001-30,Insumos,2025-01-01,2025-01-31,-30206.95,Pago
PAG-70022,Tigre S.A.,10.006.532/0001-43,Insumos,2025-01-19,2025-03-05,-30010.66,Pago
PAG-70023,Tigre S.A.,10.006.603/0001-56,Insumos,2025-01-23,2025-02-20,-17365.68,Pago
PAG-70024,Tigre S.A.,10.006.674/0001-69,Insumos,2025-01-07,2025-02-21,-29681.42,Pago
PAG-70025,Intelbras,10.006.745/0001-82,Insumos,2025-01-05,2025-02-04,-26315.7,Pago
PAG-70026,Intelbras,10.006.816/0001-95,Insumos,2025-01-17,2025-03-03,-30296.15,Pago
PAG-70027,Steck do Brasil,10.006.887/0001-18,Insumos,2025-01-22,2025-02-06,-28096.0,Pago
PAG-70028,Steck do Brasil,10.006.958/0001-31,Insumos,2025-01-04,2025-02-18,-22249.82,Pago
PAG-70029,WEG Equipamentos,10.007.029/0001-44,Insumos,2025-01-27,2025-02-11,-24961.28,Pago
PAG-70030,Folha de Pagamento,10.007.100/0001-57,Folha,2025-01-06,2025-02-05,-28246.86,Pago
PAG-70031,Folha de Pagamento,10.007.171/0001-70,Folha,2025-01-17,2025-02-01,-40285.76,Pago
PAG-70032,Auriverde Imóveis,10.007.242/0001-83,Aluguel,2025-01-03,2025-02-17,-28219.07,Pago
PAG-70033,CPFL Energia,10.007.313/0001-96,Energia,2025-01-21,2025-02-05,-34979.93,Pago
PAG-70034,Marketing Digital Adoro,10.007.384/0001-19,Marketing,2025-01-09,2025-01-24,-9610.71,Pago
PAG-70035,Receita Federal,10.007.455/0001-32,Impostos,2025-01-28,2025-02-25,-29103.2,Pago
PAG-70036,Receita Federal,10.007.526/0001-45,Impostos,2025-01-06,2025-02-20,-22368.62,Em atraso
PAG-70037,Sefaz SP,10.007.597/0001-58,Impostos,2025-01-16,2025-02-15,-13098.08,Pago
PAG-70038,Prysmian Cabos do Brasil,10.007.668/0001-71,Insumos,2025-02-16,2025-04-02,-60598.45,Pago
PAG-70039,Prysmian Cabos do Brasil,10.007.739/0001-84,Insumos,2025-02-22,2025-04-08,-50921.67,Pago
PAG-70040,Prysmian Cabos do Brasil,10.007.810/0001-97,Insumos,2025-02-11,2025-03-28,-69116.59,Pago
PAG-70041,Prysmian Cabos do Brasil,10.007.881/0001-20,Insumos,2025-02-25,2025-04-11,-70462.28,Pago
PAG-70042,Prysmian Cabos do Brasil,10.007.952/0001-33,Insumos,2025-02-12,2025-02-27,-53343.81,Pago
PAG-70043,Prysmian Cabos do Brasil,10.008.023/0001-46,Insumos,2025-02-05,2025-03-05,-59133.98,Pago
PAG-70044,Prysmian Cabos do Brasil,10.008.094/0001-59,Insumos,2025-02-09,2025-03-26,-75469.98,Pago
PAG-70045,Prysmian Cabos do Brasil,10.008.165/0001-72,Insumos,2025-02-21,2025-04-07,-59580.8,Pago
PAG-70046,Prysmian Cabos do Brasil,10.008.236/0001-85,Insumos,2025-02-19,2025-03-06,-74630.26,Pago
PAG-70047,Prysmian Cabos do Brasil,10.008.307/0001-98,Insumos,2025-02-22,2025-04-08,-62247.82,Pago
PAG-70048,Prysmian Cabos do Brasil,10.008.378/0001-21,Insumos,2025-02-04,2025-03-04,-69535.25,Pago
PAG-70049,Prysmian Cabos do Brasil,10.008.449/0001-34,Insumos,2025-02-27,2025-03-27,-60137.82,Pago
PAG-70050,Schneider Electric Brasil,10.008.520/0001-47,Insumos,2025-02-11,2025-02-26,-51929.58,Pago
PAG-70051,Schneider Electric Brasil,10.008.591/0001-60,Insumos,2025-02-28,2025-03-15,-34877.09,Pago
PAG-70052,Schneider Electric Brasil,10.008.662/0001-73,Insumos,2025-02-18,2025-03-18,-38547.01,Pago
PAG-70053,Schneider Electric Brasil,10.008.733/0001-86,Insumos,2025-02-10,2025-02-25,-34070.72,Pago
PAG-70054,Schneider Electric Brasil,10.008.804/0001-99,Insumos,2025-02-15,2025-03-15,-33358.66,Em atraso
PAG-70055,Empalux Iluminação,10.008.875/0001-22,Insumos,2025-02-23,2025-03-25,-29519.63,Pago
PAG-70056,Empalux Iluminação,10.008.946/0001-35,Insumos,2025-02-09,2025-02-24,-24268.0,Pago
PAG-70057,Empalux Iluminação,10.009.017/0001-48,Insumos,2025-02-11,2025-03-28,-21191.81,Pago
PAG-70058,Avant Iluminação,10.009.088/0001-61,Insumos,2025-02-02,2025-03-19,-20379.86,Pago
PAG-70059,Avant Iluminação,10.009.159/0001-74,Insumos,2025-02-07,2025-02-22,-21307.01,Pago
PAG-70060,Tigre S.A.,10.009.230/0001-87,Insumos,2025-02-11,2025-03-11,-29103.67,Pago
PAG-70061,Tigre S.A.,10.009.301/0001-10,Insumos,2025-02-15,2025-03-15,-24410.94,Pago
PAG-70062,Tigre S.A.,10.009.372/0001-23,Insumos,2025-02-22,2025-04-08,-21831.58,Pago
PAG-70063,Intelbras,10.009.443/0001-36,Insumos,2025-02-22,2025-03-09,-23635.75,Pago
PAG-70064,Intelbras,10.009.514/0001-49,Insumos,2025-02-01,2025-03-03,-23739.07,Pago
PAG-70065,Steck do Brasil,10.009.585/0001-62,Insumos,2025-02-04,2025-03-04,-28626.45,Pago
PAG-70066,Steck do Brasil,10.009.656/0001-75,Insumos,2025-02-28,2025-03-30,-27422.37,Pago
PAG-70067,WEG Equipamentos,10.009.727/0001-88,Insumos,2025-02-25,2025-03-12,-29788.38,Pago
PAG-70068,Folha de Pagamento,10.009.798/0001-11,Folha,2025-02-19,2025-03-19,-25471.33,Pago
PAG-70069,Folha de Pagamento,10.009.869/0001-24,Folha,2025-02-27,2025-04-13,-28452.46,Pago
PAG-70070,Auriverde Imóveis,10.009.940/0001-37,Aluguel,2025-02-09,2025-03-11,-31466.46,Pago
PAG-70071,CPFL Energia,10.010.011/0001-50,Energia,2025-02-24,2025-03-26,-13325.13,Pago
PAG-70072,Marketing Digital Adoro,10.010.082/0001-63,Marketing,2025-02-27,2025-04-13,-16513.69,Pago
PAG-70073,Receita Federal,10.010.153/0001-76,Impostos,2025-02-23,2025-04-09,-19244.38,Pago
PAG-70074,Receita Federal,10.010.224/0001-89,Impostos,2025-02-01,2025-03-18,-26611.64,Pago
PAG-70075,Sefaz SP,10.010.295/0001-12,Impostos,2025-02-05,2025-02-20,-22997.2,Pago
PAG-70076,Prysmian Cabos do Brasil,10.010.366/0001-25,Insumos,2025-03-03,2025-03-31,-56403.4,Pago
PAG-70077,Prysmian Cabos do Brasil,10.010.437/0001-38,Insumos,2025-03-08,2025-04-07,-75218.99,Pago
PAG-70078,Prysmian Cabos do Brasil,10.010.508/0001-51,Insumos,2025-03-18,2025-04-17,-64925.25,Pago
PAG-70079,Prysmian Cabos do Brasil,10.010.579/0001-64,Insumos,2025-03-07,2025-04-06,-63599.92,Pago
PAG-70080,Prysmian Cabos do Brasil,10.010.650/0001-77,Insumos,2025-03-27,2025-04-26,-73005.64,Pago
PAG-70081,Prysmian Cabos do Brasil,10.010.721/0001-90,Insumos,2025-03-16,2025-03-31,-53281.56,Pago
PAG-70082,Prysmian Cabos do Brasil,10.010.792/0001-13,Insumos,2025-03-24,2025-04-08,-52164.83,Pago
PAG-70083,Prysmian Cabos do Brasil,10.010.863/0001-26,Insumos,2025-03-18,2025-04-15,-48597.31,Pago
PAG-70084,Prysmian Cabos do Brasil,10.010.934/0001-39,Insumos,2025-03-02,2025-03-30,-60770.03,Pago
PAG-70085,Prysmian Cabos do Brasil,10.011.005/0001-52,Insumos,2025-03-11,2025-04-25,-73124.47,Pago
PAG-70086,Prysmian Cabos do Brasil,10.011.076/0001-65,Insumos,2025-03-12,2025-03-27,-55175.83,Pago
PAG-70087,Prysmian Cabos do Brasil,10.011.147/0001-78,Insumos,2025-03-10,2025-04-24,-76838.88,Pago
PAG-70088,Schneider Electric Brasil,10.011.218/0001-91,Insumos,2025-03-24,2025-04-21,-24238.47,Pago
PAG-70089,Schneider Electric Brasil,10.011.289/0001-14,Insumos,2025-03-17,2025-04-14,-34684.03,Pago
PAG-70090,Schneider Electric Brasil,10.011.360/0001-27,Insumos,2025-03-05,2025-04-04,-40320.87,Pago
PAG-70091,Schneider Electric Brasil,10.011.431/0001-40,Insumos,2025-03-06,2025-04-05,-32620.31,Pago
PAG-70092,Schneider Electric Brasil,10.011.502/0001-53,Insumos,2025-03-05,2025-04-04,-52271.12,Pago
PAG-70093,Empalux Iluminação,10.011.573/0001-66,Insumos,2025-03-21,2025-04-18,-23456.22,Pago
PAG-70094,Empalux Iluminação,10.011.644/0001-79,Insumos,2025-03-21,2025-05-05,-19903.48,Pago
PAG-70095,Empalux Iluminação,10.011.715/0001-92,Insumos,2025-03-27,2025-04-26,-21767.79,Pago
PAG-70096,Avant Iluminação,10.011.786/0001-15,Insumos,2025-03-10,2025-04-07,-20000.16,Pago
PAG-70097,Avant Iluminação,10.011.857/0001-28,Insumos,2025-03-25,2025-04-24,-27963.42,Pago
PAG-70098,Tigre S.A.,10.011.928/0001-41,Insumos,2025-03-20,2025-04-17,-22717.84,Pago
PAG-70099,Tigre S.A.,10.011.999/0001-54,Insumos,2025-03-21,2025-04-20,-22053.42,Pago
PAG-70100,Tigre S.A.,10.012.070/0001-67,Insumos,2025-03-11,2025-04-10,-22098.31,Pago
PAG-70101,Intelbras,10.012.141/0001-80,Insumos,2025-03-13,2025-03-28,-32971.67,Pago
PAG-70102,Intelbras,10.012.212/0001-93,Insumos,2025-03-21,2025-04-05,-38911.49,Pago
PAG-70103,Steck do Brasil,10.012.283/0001-16,Insumos,2025-03-28,2025-04-27,-40170.92,Pago
PAG-70104,Steck do Brasil,10.012.354/0001-29,Insumos,2025-03-14,2025-04-11,-33479.65,Pago
PAG-70105,WEG Equipamentos,10.012.425/0001-42,Insumos,2025-03-10,2025-03-25,-19310.3,Pago
PAG-70106,Folha de Pagamento,10.012.496/0001-55,Folha,2025-03-24,2025-04-08,-8894.39,Pago
PAG-70107,Folha de Pagamento,10.012.567/0001-68,Folha,2025-03-28,2025-04-27,-34625.65,Em atraso
PAG-70108,Auriverde Imóveis,10.012.638/0001-81,Aluguel,2025-03-15,2025-04-29,-23845.66,Pago
PAG-70109,CPFL Energia,10.012.709/0001-94,Energia,2025-03-08,2025-04-05,-12783.63,Pago
PAG-70110,Marketing Digital Adoro,10.012.780/0001-17,Marketing,2025-03-27,2025-04-24,-21839.1,Pago
PAG-70111,Receita Federal,10.012.851/0001-30,Impostos,2025-03-11,2025-04-08,-41624.35,Pago
PAG-70112,Receita Federal,10.012.922/0001-43,Impostos,2025-03-11,2025-04-25,-30345.08,Pago
PAG-70113,Sefaz SP,10.012.993/0001-56,Impostos,2025-03-17,2025-04-16,-10369.16,Pago
PAG-70114,Prysmian Cabos do Brasil,10.013.064/0001-69,Insumos,2025-04-12,2025-05-12,-67577.87,Pago
PAG-70115,Prysmian Cabos do Brasil,10.013.135/0001-82,Insumos,2025-04-18,2025-05-03,-48089.46,Pago
PAG-70116,Prysmian Cabos do Brasil,10.013.206/0001-95,Insumos,2025-04-12,2025-04-27,-76289.96,Pago
PAG-70117,Prysmian Cabos do Brasil,10.013.277/0001-18,Insumos,2025-04-22,2025-05-07,-56746.38,Pago
PAG-70118,Prysmian Cabos do Brasil,10.013.348/0001-31,Insumos,2025-04-12,2025-05-27,-56556.98,Pago
PAG-70119,Prysmian Cabos do Brasil,10.013.419/0001-44,Insumos,2025-04-10,2025-04-25,-48879.68,Pago
PAG-70120,Prysmian Cabos do Brasil,10.013.490/0001-57,Insumos,2025-04-22,2025-05-07,-60748.33,Pago
PAG-70121,Prysmian Cabos do Brasil,10.013.561/0001-70,Insumos,2025-04-04,2025-05-04,-68185.39,Pago
PAG-70122,Prysmian Cabos do Brasil,10.013.632/0001-83,Insumos,2025-04-24,2025-05-09,-55456.95,Pago
PAG-70123,Prysmian Cabos do Brasil,10.013.703/0001-96,Insumos,2025-04-05,2025-05-05,-66253.24,Pago
PAG-70124,Prysmian Cabos do Brasil,10.013.774/0001-19,Insumos,2025-04-03,2025-05-03,-48932.92,Pago
PAG-70125,Prysmian Cabos do Brasil,10.013.845/0001-32,Insumos,2025-04-12,2025-05-27,-74525.58,Pago
PAG-70126,Schneider Electric Brasil,10.013.916/0001-45,Insumos,2025-04-03,2025-04-18,-32448.23,Pago
PAG-70127,Schneider Electric Brasil,10.013.987/0001-58,Insumos,2025-04-24,2025-05-24,-43254.43,Pago
PAG-70128,Schneider Electric Brasil,10.014.058/0001-71,Insumos,2025-04-17,2025-05-02,-28349.89,Pago
PAG-70129,Schneider Electric Brasil,10.014.129/0001-84,Insumos,2025-04-03,2025-05-03,-26146.51,Em atraso
PAG-70130,Schneider Electric Brasil,10.014.200/0001-97,Insumos,2025-04-14,2025-04-29,-23599.95,Pago
PAG-70131,Empalux Iluminação,10.014.271/0001-20,Insumos,2025-04-23,2025-05-21,-34974.24,Pago
PAG-70132,Empalux Iluminação,10.014.342/0001-33,Insumos,2025-04-06,2025-05-06,-12126.33,Pago
PAG-70133,Empalux Iluminação,10.014.413/0001-46,Insumos,2025-04-26,2025-06-10,-29396.88,Pago
PAG-70134,Avant Iluminação,10.014.484/0001-59,Insumos,2025-04-03,2025-05-01,-25890.88,Pago
PAG-70135,Avant Iluminação,10.014.555/0001-72,Insumos,2025-04-21,2025-06-05,-18610.53,Pago
PAG-70136,Tigre S.A.,10.014.626/0001-85,Insumos,2025-04-28,2025-05-26,-25322.53,Pago
PAG-70137,Tigre S.A.,10.014.697/0001-98,Insumos,2025-04-20,2025-05-20,-29046.36,Pago
PAG-70138,Tigre S.A.,10.014.768/0001-21,Insumos,2025-04-20,2025-05-18,-19862.15,Pago
PAG-70139,Intelbras,10.014.839/0001-34,Insumos,2025-04-14,2025-05-12,-16179.15,Em atraso
PAG-70140,Intelbras,10.014.910/0001-47,Insumos,2025-04-01,2025-04-29,-17517.75,Pago
PAG-70141,Steck do Brasil,10.014.981/0001-60,Insumos,2025-04-14,2025-05-29,-24726.44,Pago
PAG-70142,Steck do Brasil,10.015.052/0001-73,Insumos,2025-04-20,2025-05-20,-30599.5,Pago
PAG-70143,WEG Equipamentos,10.015.123/0001-86,Insumos,2025-04-12,2025-05-27,-22592.65,Pago
PAG-70144,Folha de Pagamento,10.015.194/0001-99,Folha,2025-04-12,2025-05-12,-30405.64,Pago
PAG-70145,Folha de Pagamento,10.015.265/0001-22,Folha,2025-04-13,2025-05-28,-29484.54,Pago
PAG-70146,Auriverde Imóveis,10.015.336/0001-35,Aluguel,2025-04-08,2025-05-06,-19590.52,Pago
PAG-70147,CPFL Energia,10.015.407/0001-48,Energia,2025-04-15,2025-05-30,-21407.54,Em atraso
PAG-70148,Marketing Digital Adoro,10.015.478/0001-61,Marketing,2025-04-19,2025-06-03,-706.63,Pago
PAG-70149,Receita Federal,10.015.549/0001-74,Impostos,2025-04-16,2025-05-31,-10118.18,Pago
PAG-70150,Receita Federal,10.015.620/0001-87,Impostos,2025-04-13,2025-05-13,-26730.89,Pago
PAG-70151,Sefaz SP,10.015.691/0001-10,Impostos,2025-04-04,2025-04-19,-29372.76,Pago
PAG-70152,Prysmian Cabos do Brasil,10.015.762/0001-23,Insumos,2025-05-19,2025-06-18,-61911.28,Pago
PAG-70153,Prysmian Cabos do Brasil,10.015.833/0001-36,Insumos,2025-05-28,2025-06-25,-59995.84,Pago
PAG-70154,Prysmian Cabos do Brasil,10.015.904/0001-49,Insumos,2025-05-12,2025-06-09,-65806.07,Pago
PAG-70155,Prysmian Cabos do Brasil,10.015.975/0001-62,Insumos,2025-05-01,2025-05-29,-51149.88,Pago
PAG-70156,Prysmian Cabos do Brasil,10.016.046/0001-75,Insumos,2025-05-02,2025-06-16,-55362.85,Pago
PAG-70157,Prysmian Cabos do Brasil,10.016.117/0001-88,Insumos,2025-05-12,2025-06-11,-80449.9,Pago
PAG-70158,Prysmian Cabos do Brasil,10.016.188/0001-11,Insumos,2025-05-25,2025-06-22,-61273.77,Pago
PAG-70159,Prysmian Cabos do Brasil,10.016.259/0001-24,Insumos,2025-05-28,2025-06-12,-73425.37,Em atraso
PAG-70160,Prysmian Cabos do Brasil,10.016.330/0001-37,Insumos,2025-05-05,2025-06-04,-72006.49,Pago
PAG-70161,Prysmian Cabos do Brasil,10.016.401/0001-50,Insumos,2025-05-12,2025-06-11,-62269.53,Pago
PAG-70162,Prysmian Cabos do Brasil,10.016.472/0001-63,Insumos,2025-05-01,2025-05-31,-78161.25,Pago
PAG-70163,Prysmian Cabos do Brasil,10.016.543/0001-76,Insumos,2025-05-24,2025-06-21,-66930.28,Pago
PAG-70164,Schneider Electric Brasil,10.016.614/0001-89,Insumos,2025-05-27,2025-06-24,-34816.44,Pago
PAG-70165,Schneider Electric Brasil,10.016.685/0001-12,Insumos,2025-05-13,2025-06-10,-39835.53,Pago
PAG-70166,Schneider Electric Brasil,10.016.756/0001-25,Insumos,2025-05-24,2025-06-21,-30669.33,Pago
PAG-70167,Schneider Electric Brasil,10.016.827/0001-38,Insumos,2025-05-16,2025-06-13,-16766.63,Pago
PAG-70168,Schneider Electric Brasil,10.016.898/0001-51,Insumos,2025-05-26,2025-06-10,-34205.41,Pago
PAG-70169,Empalux Iluminação,10.016.969/0001-64,Insumos,2025-05-03,2025-06-02,-29094.65,Pago
PAG-70170,Empalux Iluminação,10.017.040/0001-77,Insumos,2025-05-08,2025-06-07,-20433.69,Pago
PAG-70171,Empalux Iluminação,10.017.111/0001-90,Insumos,2025-05-24,2025-06-08,-30228.52,Pago
PAG-70172,Avant Iluminação,10.017.182/0001-13,Insumos,2025-05-16,2025-06-15,-13778.08,Pago
PAG-70173,Avant Iluminação,10.017.253/0001-26,Insumos,2025-05-21,2025-07-05,-24307.12,Pago
PAG-70174,Tigre S.A.,10.017.324/0001-39,Insumos,2025-05-19,2025-06-03,-15083.14,Pago
PAG-70175,Tigre S.A.,10.017.395/0001-52,Insumos,2025-05-15,2025-06-12,-7244.52,Pago
PAG-70176,Tigre S.A.,10.017.466/0001-65,Insumos,2025-05-01,2025-06-15,-28412.4,Pago
PAG-70177,Intelbras,10.017.537/0001-78,Insumos,2025-05-21,2025-06-20,-10349.98,Pago
PAG-70178,Intelbras,10.017.608/0001-91,Insumos,2025-05-15,2025-06-29,-1591.57,Pago
PAG-70179,Steck do Brasil,10.017.679/0001-14,Insumos,2025-05-07,2025-06-21,-31907.86,Pago
PAG-70180,Steck do Brasil,10.017.750/0001-27,Insumos,2025-05-18,2025-06-15,-21198.89,Em atraso
PAG-70181,WEG Equipamentos,10.017.821/0001-40,Insumos,2025-05-09,2025-05-24,-16581.84,Pago
PAG-70182,Folha de Pagamento,10.017.892/0001-53,Folha,2025-05-06,2025-06-03,-19163.58,Pago
PAG-70183,Folha de Pagamento,10.017.963/0001-66,Folha,2025-05-15,2025-06-12,-32209.71,Pago
PAG-70184,Auriverde Imóveis,10.018.034/0001-79,Aluguel,2025-05-20,2025-07-04,-16841.85,Pago
PAG-70185,CPFL Energia,10.018.105/0001-92,Energia,2025-05-20,2025-06-19,-23155.01,Pago
PAG-70186,Marketing Digital Adoro,10.018.176/0001-15,Marketing,2025-05-27,2025-06-24,-35660.02,Pago
PAG-70187,Receita Federal,10.018.247/0001-28,Impostos,2025-05-16,2025-06-30,-25147.77,Em atraso
PAG-70188,Receita Federal,10.018.318/0001-41,Impostos,2025-05-08,2025-06-07,-16587.26,Pago
PAG-70189,Sefaz SP,10.018.389/0001-54,Impostos,2025-05-03,2025-05-18,-18666.14,Em atraso
PAG-70190,Prysmian Cabos do Brasil,10.018.460/0001-67,Insumos,2025-06-15,2025-06-30,-65343.1,Pago
PAG-70191,Prysmian Cabos do Brasil,10.018.531/0001-80,Insumos,2025-06-13,2025-07-13,-70908.52,Pago
PAG-70192,Prysmian Cabos do Brasil,10.018.602/0001-93,Insumos,2025-06-18,2025-07-18,-85245.88,Em atraso
PAG-70193,Prysmian Cabos do Brasil,10.018.673/0001-16,Insumos,2025-06-18,2025-07-16,-72328.65,Em atraso
PAG-70194,Prysmian Cabos do Brasil,10.018.744/0001-29,Insumos,2025-06-09,2025-07-09,-60897.3,Pago
PAG-70195,Prysmian Cabos do Brasil,10.018.815/0001-42,Insumos,2025-06-02,2025-06-17,-59454.82,Pago
PAG-70196,Prysmian Cabos do Brasil,10.018.886/0001-55,Insumos,2025-06-06,2025-06-21,-71319.73,Pago
PAG-70197,Prysmian Cabos do Brasil,10.018.957/0001-68,Insumos,2025-06-10,2025-07-25,-67598.15,Pago
PAG-70198,Prysmian Cabos do Brasil,10.019.028/0001-81,Insumos,2025-06-21,2025-07-19,-60063.5,Pago
PAG-70199,Prysmian Cabos do Brasil,10.019.099/0001-94,Insumos,2025-06-26,2025-07-24,-61995.54,Pago
PAG-70200,Prysmian Cabos do Brasil,10.019.170/0001-17,Insumos,2025-06-06,2025-06-21,-53351.01,Pago
PAG-70201,Prysmian Cabos do Brasil,10.019.241/0001-30,Insumos,2025-06-14,2025-07-29,-75843.87,Pago
PAG-70202,Schneider Electric Brasil,10.019.312/0001-43,Insumos,2025-06-14,2025-07-12,-32082.89,Pago
PAG-70203,Schneider Electric Brasil,10.019.383/0001-56,Insumos,2025-06-11,2025-07-26,-41745.64,Pago
PAG-70204,Schneider Electric Brasil,10.019.454/0001-69,Insumos,2025-06-16,2025-07-01,-29123.76,Em atraso
PAG-70205,Schneider Electric Brasil,10.019.525/0001-82,Insumos,2025-06-23,2025-08-07,-56222.13,Pago
PAG-70206,Schneider Electric Brasil,10.019.596/0001-95,Insumos,2025-06-05,2025-07-05,-29898.84,Pago
PAG-70207,Empalux Iluminação,10.019.667/0001-18,Insumos,2025-06-23,2025-07-08,-38403.3,Pago
PAG-70208,Empalux Iluminação,10.019.738/0001-31,Insumos,2025-06-03,2025-07-18,-24073.21,Pago
PAG-70209,Empalux Iluminação,10.019.809/0001-44,Insumos,2025-06-26,2025-07-26,-28718.99,Pago
PAG-70210,Avant Iluminação,10.019.880/0001-57,Insumos,2025-06-18,2025-07-03,-35738.41,Pago
PAG-70211,Avant Iluminação,10.019.951/0001-70,Insumos,2025-06-21,2025-08-05,-31919.2,Pago
PAG-70212,Tigre S.A.,10.020.022/0001-83,Insumos,2025-06-24,2025-08-08,-32152.15,Pago
PAG-70213,Tigre S.A.,10.020.093/0001-96,Insumos,2025-06-01,2025-07-16,-19383.85,Em atraso
PAG-70214,Tigre S.A.,10.020.164/0001-19,Insumos,2025-06-26,2025-07-26,-26269.87,Pago
PAG-70215,Intelbras,10.020.235/0001-32,Insumos,2025-06-05,2025-07-05,-25130.76,Pago
PAG-70216,Intelbras,10.020.306/0001-45,Insumos,2025-06-04,2025-07-19,-26756.96,Pago
PAG-70217,Steck do Brasil,10.020.377/0001-58,Insumos,2025-06-26,2025-07-24,-30476.64,Pago
PAG-70218,Steck do Brasil,10.020.448/0001-71,Insumos,2025-06-05,2025-07-20,-6124.59,Pago
PAG-70219,WEG Equipamentos,10.020.519/0001-84,Insumos,2025-06-12,2025-07-10,-30770.17,Pago
PAG-70220,Folha de Pagamento,10.020.590/0001-97,Folha,2025-06-21,2025-07-06,-33218.84,Pago
PAG-70221,Folha de Pagamento,10.020.661/0001-20,Folha,2025-06-19,2025-07-19,-32129.49,Pago
PAG-70222,Auriverde Imóveis,10.020.732/0001-33,Aluguel,2025-06-15,2025-06-30,-20064.75,Pago
PAG-70223,CPFL Energia,10.020.803/0001-46,Energia,2025-06-03,2025-07-18,-13855.11,Pago
PAG-70224,Marketing Digital Adoro,10.020.874/0001-59,Marketing,2025-06-25,2025-07-25,-27553.82,Pago
PAG-70225,Receita Federal,10.020.945/0001-72,Impostos,2025-06-17,2025-07-02,-19475.32,Pago
PAG-70226,Receita Federal,10.021.016/0001-85,Impostos,2025-06-27,2025-07-12,-16056.56,Pago
PAG-70227,Sefaz SP,10.021.087/0001-98,Impostos,2025-06-11,2025-07-09,-15385.07,Pago
PAG-70228,Prysmian Cabos do Brasil,10.021.158/0001-21,Insumos,2025-07-14,2025-08-28,-69201.71,Em atraso
PAG-70229,Prysmian Cabos do Brasil,10.021.229/0001-34,Insumos,2025-07-04,2025-08-03,-75445.81,Em atraso
PAG-70230,Prysmian Cabos do Brasil,10.021.300/0001-47,Insumos,2025-07-27,2025-09-10,-64896.46,Pago
PAG-70231,Prysmian Cabos do Brasil,10.021.371/0001-60,Insumos,2025-07-21,2025-08-20,-89607.52,Pago
PAG-70232,Prysmian Cabos do Brasil,10.021.442/0001-73,Insumos,2025-07-06,2025-08-20,-78889.73,Pago
PAG-70233,Prysmian Cabos do Brasil,10.021.513/0001-86,Insumos,2025-07-02,2025-07-17,-55316.15,Pago
PAG-70234,Prysmian Cabos do Brasil,10.021.584/0001-99,Insumos,2025-07-18,2025-08-17,-93668.34,Pago
PAG-70235,Prysmian Cabos do Brasil,10.021.655/0001-22,Insumos,2025-07-04,2025-08-01,-75898.92,Pago
PAG-70236,Prysmian Cabos do Brasil,10.021.726/0001-35,Insumos,2025-07-28,2025-08-25,-79410.94,Pago
PAG-70237,Prysmian Cabos do Brasil,10.021.797/0001-48,Insumos,2025-07-15,2025-08-12,-77686.17,Em atraso
PAG-70238,Prysmian Cabos do Brasil,10.021.868/0001-61,Insumos,2025-07-01,2025-07-31,-81739.38,Pago
PAG-70239,Prysmian Cabos do Brasil,10.021.939/0001-74,Insumos,2025-07-01,2025-07-31,-85903.72,Pago
PAG-70240,Schneider Electric Brasil,10.022.010/0001-87,Insumos,2025-07-05,2025-07-20,-16410.1,Pago
PAG-70241,Schneider Electric Brasil,10.022.081/0001-10,Insumos,2025-07-23,2025-08-22,-43672.55,Pago
PAG-70242,Schneider Electric Brasil,10.022.152/0001-23,Insumos,2025-07-06,2025-08-05,-42855.42,Pago
PAG-70243,Schneider Electric Brasil,10.022.223/0001-36,Insumos,2025-07-13,2025-07-28,-41025.17,Pago
PAG-70244,Schneider Electric Brasil,10.022.294/0001-49,Insumos,2025-07-22,2025-09-05,-31092.23,Pago
PAG-70245,Empalux Iluminação,10.022.365/0001-62,Insumos,2025-07-28,2025-09-11,-28984.29,Pago
PAG-70246,Empalux Iluminação,10.022.436/0001-75,Insumos,2025-07-11,2025-08-08,-28421.73,Pago
PAG-70247,Empalux Iluminação,10.022.507/0001-88,Insumos,2025-07-17,2025-08-01,-25249.99,Pago
PAG-70248,Avant Iluminação,10.022.578/0001-11,Insumos,2025-07-10,2025-08-24,-22517.32,Em atraso
PAG-70249,Avant Iluminação,10.022.649/0001-24,Insumos,2025-07-26,2025-09-09,-21331.04,Pago
PAG-70250,Tigre S.A.,10.022.720/0001-37,Insumos,2025-07-04,2025-08-03,-20197.85,Pago
PAG-70251,Tigre S.A.,10.022.791/0001-50,Insumos,2025-07-11,2025-08-10,-33172.17,Pago
PAG-70252,Tigre S.A.,10.022.862/0001-63,Insumos,2025-07-06,2025-08-03,-36838.23,Pago
PAG-70253,Intelbras,10.022.933/0001-76,Insumos,2025-07-25,2025-08-24,-22372.05,Pago
PAG-70254,Intelbras,10.023.004/0001-89,Insumos,2025-07-09,2025-08-08,-33342.28,Pago
PAG-70255,Steck do Brasil,10.023.075/0001-12,Insumos,2025-07-17,2025-08-01,-25352.17,Pago
PAG-70256,Steck do Brasil,10.023.146/0001-25,Insumos,2025-07-04,2025-08-18,-34917.33,Em atraso
PAG-70257,WEG Equipamentos,10.023.217/0001-38,Insumos,2025-07-25,2025-08-09,-11886.62,Pago
PAG-70258,Folha de Pagamento,10.023.288/0001-51,Folha,2025-07-21,2025-08-05,-15712.2,Pago
PAG-70259,Folha de Pagamento,10.023.359/0001-64,Folha,2025-07-24,2025-08-23,-31969.97,Pago
PAG-70260,Auriverde Imóveis,10.023.430/0001-77,Aluguel,2025-07-02,2025-08-16,-17130.33,Pago
PAG-70261,CPFL Energia,10.023.501/0001-90,Energia,2025-07-10,2025-08-07,-28283.72,Pago
PAG-70262,Marketing Digital Adoro,10.023.572/0001-13,Marketing,2025-07-25,2025-08-24,-8359.48,Pago
PAG-70263,Receita Federal,10.023.643/0001-26,Impostos,2025-07-11,2025-08-08,-28309.52,Em atraso
PAG-70264,Receita Federal,10.023.714/0001-39,Impostos,2025-07-19,2025-09-02,-23107.84,Pago
PAG-70265,Sefaz SP,10.023.785/0001-52,Impostos,2025-07-11,2025-08-10,-15965.29,Pago
PAG-70266,Prysmian Cabos do Brasil,10.023.856/0001-65,Insumos,2025-08-01,2025-08-16,-71250.16,Em atraso
PAG-70267,Prysmian Cabos do Brasil,10.023.927/0001-78,Insumos,2025-08-18,2025-09-02,-83149.54,Pago
PAG-70268,Prysmian Cabos do Brasil,10.023.998/0001-91,Insumos,2025-08-03,2025-08-18,-87927.04,Em atraso
PAG-70269,Prysmian Cabos do Brasil,10.024.069/0001-14,Insumos,2025-08-19,2025-09-16,-67123.74,Pago
PAG-70270,Prysmian Cabos do Brasil,10.024.140/0001-27,Insumos,2025-08-15,2025-09-12,-86492.3,Pago
PAG-70271,Prysmian Cabos do Brasil,10.024.211/0001-40,Insumos,2025-08-27,2025-09-26,-81324.57,Pago
PAG-70272,Prysmian Cabos do Brasil,10.024.282/0001-53,Insumos,2025-08-15,2025-09-29,-78515.01,Pago
PAG-70273,Prysmian Cabos do Brasil,10.024.353/0001-66,Insumos,2025-08-10,2025-09-07,-73315.55,Pago
PAG-70274,Prysmian Cabos do Brasil,10.024.424/0001-79,Insumos,2025-08-14,2025-08-29,-74374.83,Pago
PAG-70275,Prysmian Cabos do Brasil,10.024.495/0001-92,Insumos,2025-08-26,2025-09-23,-62545.81,Pago
PAG-70276,Prysmian Cabos do Brasil,10.024.566/0001-15,Insumos,2025-08-08,2025-09-05,-61559.34,Pago
PAG-70277,Prysmian Cabos do Brasil,10.024.637/0001-28,Insumos,2025-08-27,2025-09-11,-71169.2,Pago
PAG-70278,Schneider Electric Brasil,10.024.708/0001-41,Insumos,2025-08-15,2025-09-12,-22314.83,Pago
PAG-70279,Schneider Electric Brasil,10.024.779/0001-54,Insumos,2025-08-04,2025-09-03,-37964.9,Pago
PAG-70280,Schneider Electric Brasil,10.024.850/0001-67,Insumos,2025-08-02,2025-08-30,-32898.81,Pago
PAG-70281,Schneider Electric Brasil,10.024.921/0001-80,Insumos,2025-08-15,2025-09-12,-48140.34,Pago
PAG-70282,Schneider Electric Brasil,10.024.992/0001-93,Insumos,2025-08-09,2025-09-23,-33083.06,Em atraso
PAG-70283,Empalux Iluminação,10.025.063/0001-16,Insumos,2025-08-12,2025-08-27,-29518.93,Pago
PAG-70284,Empalux Iluminação,10.025.134/0001-29,Insumos,2025-08-15,2025-08-30,-37107.36,Pago
PAG-70285,Empalux Iluminação,10.025.205/0001-42,Insumos,2025-08-21,2025-09-05,-35445.4,Pago
PAG-70286,Avant Iluminação,10.025.276/0001-55,Insumos,2025-08-19,2025-09-03,-21939.35,Pago
PAG-70287,Avant Iluminação,10.025.347/0001-68,Insumos,2025-08-18,2025-10-02,-38713.62,Pago
PAG-70288,Tigre S.A.,10.025.418/0001-81,Insumos,2025-08-04,2025-09-03,-41958.92,Pago
PAG-70289,Tigre S.A.,10.025.489/0001-94,Insumos,2025-08-08,2025-09-07,-24203.43,Pago
PAG-70290,Tigre S.A.,10.025.560/0001-17,Insumos,2025-08-19,2025-10-03,-25753.59,Pago
PAG-70291,Intelbras,10.025.631/0001-30,Insumos,2025-08-24,2025-09-23,-16156.43,Pago
PAG-70292,Intelbras,10.025.702/0001-43,Insumos,2025-08-05,2025-09-19,-21551.9,Pago
PAG-70293,Steck do Brasil,10.025.773/0001-56,Insumos,2025-08-17,2025-09-01,-16508.17,Pago
PAG-70294,Steck do Brasil,10.025.844/0001-69,Insumos,2025-08-11,2025-09-10,-19886.14,Pago
PAG-70295,WEG Equipamentos,10.025.915/0001-82,Insumos,2025-08-21,2025-09-05,-26260.15,Pago
PAG-70296,Folha de Pagamento,10.025.986/0001-95,Folha,2025-08-14,2025-09-28,-17518.69,Pago
PAG-70297,Folha de Pagamento,10.026.057/0001-18,Folha,2025-08-06,2025-08-21,-34422.42,Pago
PAG-70298,Auriverde Imóveis,10.026.128/0001-31,Aluguel,2025-08-18,2025-09-17,-30904.22,Pago
PAG-70299,CPFL Energia,10.026.199/0001-44,Energia,2025-08-19,2025-10-03,-29501.01,Pago
PAG-70300,Marketing Digital Adoro,10.026.270/0001-57,Marketing,2025-08-20,2025-09-19,-10818.62,Pago
PAG-70301,Receita Federal,10.026.341/0001-70,Impostos,2025-08-28,2025-09-27,-15076.01,Pago
PAG-70302,Receita Federal,10.026.412/0001-83,Impostos,2025-08-04,2025-09-03,-10413.85,Pago
PAG-70303,Sefaz SP,10.026.483/0001-96,Impostos,2025-08-08,2025-09-07,-11341.99,Pago
PAG-70304,Prysmian Cabos do Brasil,10.026.554/0001-19,Insumos,2025-09-11,2025-10-26,-64440.49,Pago
PAG-70305,Prysmian Cabos do Brasil,10.026.625/0001-32,Insumos,2025-09-08,2025-10-23,-97026.91,Pago
PAG-70306,Prysmian Cabos do Brasil,10.026.696/0001-45,Insumos,2025-09-17,2025-11-01,-81281.33,Pago
PAG-70307,Prysmian Cabos do Brasil,10.026.767/0001-58,Insumos,2025-09-03,2025-10-18,-71264.22,Pago
PAG-70308,Prysmian Cabos do Brasil,10.026.838/0001-71,Insumos,2025-09-17,2025-10-17,-73028.75,Pago
PAG-70309,Prysmian Cabos do Brasil,10.026.909/0001-84,Insumos,2025-09-25,2025-11-09,-71405.12,Pago
PAG-70310,Prysmian Cabos do Brasil,10.026.980/0001-97,Insumos,2025-09-23,2025-10-08,-60759.75,Pago
PAG-70311,Prysmian Cabos do Brasil,10.027.051/0001-20,Insumos,2025-09-03,2025-10-18,-62575.98,Pago
PAG-70312,Prysmian Cabos do Brasil,10.027.122/0001-33,Insumos,2025-09-12,2025-10-27,-79090.98,Em atraso
PAG-70313,Prysmian Cabos do Brasil,10.027.193/0001-46,Insumos,2025-09-24,2025-10-22,-70250.69,Pago
PAG-70314,Prysmian Cabos do Brasil,10.027.264/0001-59,Insumos,2025-09-08,2025-10-06,-64121.3,Pago
PAG-70315,Prysmian Cabos do Brasil,10.027.335/0001-72,Insumos,2025-09-28,2025-10-13,-77139.09,Pago
PAG-70316,Schneider Electric Brasil,10.027.406/0001-85,Insumos,2025-09-27,2025-10-27,-39356.2,Pago
PAG-70317,Schneider Electric Brasil,10.027.477/0001-98,Insumos,2025-09-02,2025-10-02,-37533.17,Pago
PAG-70318,Schneider Electric Brasil,10.027.548/0001-21,Insumos,2025-09-25,2025-11-09,-33305.32,Pago
PAG-70319,Schneider Electric Brasil,10.027.619/0001-34,Insumos,2025-09-14,2025-10-29,-36558.86,Pago
PAG-70320,Schneider Electric Brasil,10.027.690/0001-47,Insumos,2025-09-10,2025-10-10,-34437.92,Pago
PAG-70321,Empalux Iluminação,10.027.761/0001-60,Insumos,2025-09-08,2025-10-06,-27885.51,Pago
PAG-70322,Empalux Iluminação,10.027.832/0001-73,Insumos,2025-09-05,2025-09-20,-33901.92,Pago
PAG-70323,Empalux Iluminação,10.027.903/0001-86,Insumos,2025-09-21,2025-10-06,-23441.94,Pago
PAG-70324,Avant Iluminação,10.027.974/0001-99,Insumos,2025-09-16,2025-10-31,-27864.62,Pago
PAG-70325,Avant Iluminação,10.028.045/0001-22,Insumos,2025-09-05,2025-09-20,-18678.01,Pago
PAG-70326,Tigre S.A.,10.028.116/0001-35,Insumos,2025-09-25,2025-10-25,-31992.25,Pago
PAG-70327,Tigre S.A.,10.028.187/0001-48,Insumos,2025-09-14,2025-09-29,-18733.79,Pago
PAG-70328,Tigre S.A.,10.028.258/0001-61,Insumos,2025-09-26,2025-10-26,-21804.6,Pago
PAG-70329,Intelbras,10.028.329/0001-74,Insumos,2025-09-16,2025-10-31,-19437.27,Pago
PAG-70330,Intelbras,10.028.400/0001-87,Insumos,2025-09-07,2025-09-22,-21019.05,Pago
PAG-70331,Steck do Brasil,10.028.471/0001-10,Insumos,2025-09-04,2025-10-02,-29535.23,Pago
PAG-70332,Steck do Brasil,10.028.542/0001-23,Insumos,2025-09-09,2025-10-07,-29985.56,Pago
PAG-70333,WEG Equipamentos,10.028.613/0001-36,Insumos,2025-09-16,2025-10-31,-685.02,Pago
PAG-70334,Folha de Pagamento,10.028.684/0001-49,Folha,2025-09-11,2025-10-09,-17281.69,Pago
PAG-70335,Folha de Pagamento,10.028.755/0001-62,Folha,2025-09-06,2025-10-04,-23816.5,Pago
PAG-70336,Auriverde Imóveis,10.028.826/0001-75,Aluguel,2025-09-15,2025-10-15,-34186.43,Pago
PAG-70337,CPFL Energia,10.028.897/0001-88,Energia,2025-09-27,2025-10-27,-31730.1,Pago
PAG-70338,Marketing Digital Adoro,10.028.968/0001-11,Marketing,2025-09-11,2025-09-26,-13362.22,Pago
PAG-70339,Receita Federal,10.029.039/0001-24,Impostos,2025-09-11,2025-10-11,-22567.46,Pago
PAG-70340,Receita Federal,10.029.110/0001-37,Impostos,2025-09-08,2025-10-23,-33157.79,Pago
PAG-70341,Sefaz SP,10.029.181/0001-50,Impostos,2025-09-12,2025-10-12,-27903.11,Pago
PAG-70342,Prysmian Cabos do Brasil,10.029.252/0001-63,Insumos,2025-10-24,2025-11-08,-88053.09,Pago
PAG-70343,Prysmian Cabos do Brasil,10.029.323/0001-76,Insumos,2025-10-04,2025-11-01,-76175.56,Pago
PAG-70344,Prysmian Cabos do Brasil,10.029.394/0001-89,Insumos,2025-10-05,2025-11-02,-79701.36,Pago
PAG-70345,Prysmian Cabos do Brasil,10.029.465/0001-12,Insumos,2025-10-22,2025-12-06,-50224.41,Pago
PAG-70346,Prysmian Cabos do Brasil,10.029.536/0001-25,Insumos,2025-10-28,2025-11-27,-77665.69,Pago
PAG-70347,Prysmian Cabos do Brasil,10.029.607/0001-38,Insumos,2025-10-25,2025-11-24,-71151.82,Pago
PAG-70348,Prysmian Cabos do Brasil,10.029.678/0001-51,Insumos,2025-10-26,2025-12-10,-78778.45,Pago
PAG-70349,Prysmian Cabos do Brasil,10.029.749/0001-64,Insumos,2025-10-09,2025-10-24,-80801.27,Pago
PAG-70350,Prysmian Cabos do Brasil,10.029.820/0001-77,Insumos,2025-10-02,2025-11-16,-73196.01,Pago
PAG-70351,Prysmian Cabos do Brasil,10.029.891/0001-90,Insumos,2025-10-21,2025-11-18,-76900.3,Pago
PAG-70352,Prysmian Cabos do Brasil,10.029.962/0001-13,Insumos,2025-10-09,2025-11-08,-76543.54,Pago
PAG-70353,Prysmian Cabos do Brasil,10.030.033/0001-26,Insumos,2025-10-13,2025-11-27,-85923.37,Pago
PAG-70354,Schneider Electric Brasil,10.030.104/0001-39,Insumos,2025-10-10,2025-11-24,-19863.67,Pago
PAG-70355,Schneider Electric Brasil,10.030.175/0001-52,Insumos,2025-10-25,2025-11-22,-45872.89,Pago
PAG-70356,Schneider Electric Brasil,10.030.246/0001-65,Insumos,2025-10-08,2025-11-22,-40976.44,Pago
PAG-70357,Schneider Electric Brasil,10.030.317/0001-78,Insumos,2025-10-06,2025-11-20,-50153.29,Pago
PAG-70358,Schneider Electric Brasil,10.030.388/0001-91,Insumos,2025-10-07,2025-10-22,-34073.42,Em atraso
PAG-70359,Empalux Iluminação,10.030.459/0001-14,Insumos,2025-10-01,2025-11-15,-27872.58,Pago
PAG-70360,Empalux Iluminação,10.030.530/0001-27,Insumos,2025-10-01,2025-11-15,-24677.73,Pago
PAG-70361,Empalux Iluminação,10.030.601/0001-40,Insumos,2025-10-03,2025-10-31,-24326.29,Pago
PAG-70362,Avant Iluminação,10.030.672/0001-53,Insumos,2025-10-08,2025-11-07,-39175.31,Pago
PAG-70363,Avant Iluminação,10.030.743/0001-66,Insumos,2025-10-13,2025-11-27,-21833.13,Pago
PAG-70364,Tigre S.A.,10.030.814/0001-79,Insumos,2025-10-14,2025-11-13,-14645.02,Pago
PAG-70365,Tigre S.A.,10.030.885/0001-92,Insumos,2025-10-05,2025-11-04,-35794.65,Pago
PAG-70366,Tigre S.A.,10.030.956/0001-15,Insumos,2025-10-15,2025-11-14,-26431.13,Pago
PAG-70367,Intelbras,10.031.027/0001-28,Insumos,2025-10-01,2025-11-15,-22240.39,Pago
PAG-70368,Intelbras,10.031.098/0001-41,Insumos,2025-10-27,2025-11-11,-30044.35,Pago
PAG-70369,Steck do Brasil,10.031.169/0001-54,Insumos,2025-10-12,2025-11-11,-16216.64,Em atraso
PAG-70370,Steck do Brasil,10.031.240/0001-67,Insumos,2025-10-07,2025-11-06,-13424.68,Pago
PAG-70371,WEG Equipamentos,10.031.311/0001-80,Insumos,2025-10-18,2025-11-02,-23425.34,Pago
PAG-70372,Folha de Pagamento,10.031.382/0001-93,Folha,2025-10-18,2025-11-15,-33580.71,Pago
PAG-70373,Folha de Pagamento,10.031.453/0001-16,Folha,2025-10-19,2025-11-18,-18551.69,Pago
PAG-70374,Auriverde Imóveis,10.031.524/0001-29,Aluguel,2025-10-16,2025-11-15,-26831.65,Pago
PAG-70375,CPFL Energia,10.031.595/0001-42,Energia,2025-10-16,2025-11-30,-20664.48,Pago
PAG-70376,Marketing Digital Adoro,10.031.666/0001-55,Marketing,2025-10-04,2025-11-03,-23878.58,Pago
PAG-70377,Receita Federal,10.031.737/0001-68,Impostos,2025-10-25,2025-11-24,-22691.37,Pago
PAG-70378,Receita Federal,10.031.808/0001-81,Impostos,2025-10-24,2025-11-08,-13742.03,Pago
PAG-70379,Sefaz SP,10.031.879/0001-94,Impostos,2025-10-09,2025-11-23,-27183.77,Pago
PAG-70380,Prysmian Cabos do Brasil,10.031.950/0001-17,Insumos,2025-11-27,2025-12-12,-73549.04,Em atraso
PAG-70381,Prysmian Cabos do Brasil,10.032.021/0001-30,Insumos,2025-11-11,2025-12-11,-54048.16,Pago
PAG-70382,Prysmian Cabos do Brasil,10.032.092/0001-43,Insumos,2025-11-13,2025-12-11,-67483.99,Pago
PAG-70383,Prysmian Cabos do Brasil,10.032.163/0001-56,Insumos,2025-11-02,2025-12-02,-88532.69,Em atraso
PAG-70384,Prysmian Cabos do Brasil,10.032.234/0001-69,Insumos,2025-11-17,2026-01-01,-82593.85,A vencer
PAG-70385,Prysmian Cabos do Brasil,10.032.305/0001-82,Insumos,2025-11-10,2025-12-25,-72757.08,Pago
PAG-70386,Prysmian Cabos do Brasil,10.032.376/0001-95,Insumos,2025-11-20,2026-01-04,-77150.42,A vencer
PAG-70387,Prysmian Cabos do Brasil,10.032.447/0001-18,Insumos,2025-11-01,2025-11-16,-78112.74,Pago
PAG-70388,Prysmian Cabos do Brasil,10.032.518/0001-31,Insumos,2025-11-07,2025-12-07,-61541.52,Pago
PAG-70389,Prysmian Cabos do Brasil,10.032.589/0001-44,Insumos,2025-11-12,2025-12-10,-82568.5,Pago
PAG-70390,Prysmian Cabos do Brasil,10.032.660/0001-57,Insumos,2025-11-20,2025-12-05,-56395.07,Pago
PAG-70391,Prysmian Cabos do Brasil,10.032.731/0001-70,Insumos,2025-11-15,2025-11-30,-81302.86,Em atraso
PAG-70392,Schneider Electric Brasil,10.032.802/0001-83,Insumos,2025-11-27,2025-12-27,-31230.59,Pago
PAG-70393,Schneider Electric Brasil,10.032.873/0001-96,Insumos,2025-11-06,2025-11-21,-38378.95,Pago
PAG-70394,Schneider Electric Brasil,10.032.944/0001-19,Insumos,2025-11-19,2025-12-04,-13722.51,Pago
PAG-70395,Schneider Electric Brasil,10.033.015/0001-32,Insumos,2025-11-28,2026-01-12,-50361.23,A vencer
PAG-70396,Schneider Electric Brasil,10.033.086/0001-45,Insumos,2025-11-09,2025-11-24,-42682.05,Pago
PAG-70397,Empalux Iluminação,10.033.157/0001-58,Insumos,2025-11-19,2025-12-17,-33516.94,Pago
PAG-70398,Empalux Iluminação,10.033.228/0001-71,Insumos,2025-11-12,2025-11-27,-24373.64,Pago
PAG-70399,Empalux Iluminação,10.033.299/0001-84,Insumos,2025-11-09,2025-12-24,-31154.72,Pago
PAG-70400,Avant Iluminação,10.033.370/0001-97,Insumos,2025-11-16,2025-12-31,-21639.34,Pago
PAG-70401,Avant Iluminação,10.033.441/0001-20,Insumos,2025-11-22,2026-01-06,-11152.81,A vencer
PAG-70402,Tigre S.A.,10.033.512/0001-33,Insumos,2025-11-28,2026-01-12,-18543.65,A vencer
PAG-70403,Tigre S.A.,10.033.583/0001-46,Insumos,2025-11-10,2025-12-08,-16112.16,Pago
PAG-70404,Tigre S.A.,10.033.654/0001-59,Insumos,2025-11-26,2025-12-24,-13607.78,Pago
PAG-70405,Intelbras,10.033.725/0001-72,Insumos,2025-11-05,2025-12-20,-36408.64,Pago
PAG-70406,Intelbras,10.033.796/0001-85,Insumos,2025-11-11,2025-12-11,-21843.03,Pago
PAG-70407,Steck do Brasil,10.033.867/0001-98,Insumos,2025-11-07,2025-12-22,-18529.04,Pago
PAG-70408,Steck do Brasil,10.033.938/0001-21,Insumos,2025-11-25,2025-12-25,-25253.03,Pago
PAG-70409,WEG Equipamentos,10.034.009/0001-34,Insumos,2025-11-01,2025-12-01,-19011.0,Pago
PAG-70410,Folha de Pagamento,10.034.080/0001-47,Folha,2025-11-24,2025-12-22,-26268.63,Em atraso
PAG-70411,Folha de Pagamento,10.034.151/0001-60,Folha,2025-11-04,2025-12-19,-22038.13,Pago
PAG-70412,Auriverde Imóveis,10.034.222/0001-73,Aluguel,2025-11-15,2025-12-15,-22207.99,Pago
PAG-70413,CPFL Energia,10.034.293/0001-86,Energia,2025-11-13,2025-12-13,-20001.79,Pago
PAG-70414,Marketing Digital Adoro,10.034.364/0001-99,Marketing,2025-11-05,2025-12-03,-4625.58,Pago
PAG-70415,Receita Federal,10.034.435/0001-22,Impostos,2025-11-27,2025-12-27,-30809.85,Pago
PAG-70416,Receita Federal,10.034.506/0001-35,Impostos,2025-11-25,2026-01-09,-34781.77,A vencer
PAG-70417,Sefaz SP,10.034.577/0001-48,Impostos,2025-11-03,2025-12-18,-8405.36,Pago
PAG-70418,Prysmian Cabos do Brasil,10.034.648/0001-61,Insumos,2025-12-03,2025-12-31,-68639.38,Pago
PAG-70419,Prysmian Cabos do Brasil,10.034.719/0001-74,Insumos,2025-12-06,2026-01-03,-80124.25,A vencer
PAG-70420,Prysmian Cabos do Brasil,10.034.790/0001-87,Insumos,2025-12-21,2026-01-05,-80101.82,A vencer
PAG-70421,Prysmian Cabos do Brasil,10.034.861/0001-10,Insumos,2025-12-24,2026-02-07,-66767.59,A vencer
PAG-70422,Prysmian Cabos do Brasil,10.034.932/0001-23,Insumos,2025-12-12,2026-01-26,-57283.68,A vencer
PAG-70423,Prysmian Cabos do Brasil,10.035.003/0001-36,Insumos,2025-12-02,2025-12-30,-78622.49,Pago
PAG-70424,Prysmian Cabos do Brasil,10.035.074/0001-49,Insumos,2025-12-27,2026-01-24,-75315.84,A vencer
PAG-70425,Prysmian Cabos do Brasil,10.035.145/0001-62,Insumos,2025-12-14,2025-12-29,-75488.2,Pago
PAG-70426,Prysmian Cabos do Brasil,10.035.216/0001-75,Insumos,2025-12-19,2026-02-02,-71541.03,A vencer
PAG-70427,Prysmian Cabos do Brasil,10.035.287/0001-88,Insumos,2025-12-12,2026-01-26,-99211.16,A vencer
PAG-70428,Prysmian Cabos do Brasil,10.035.358/0001-11,Insumos,2025-12-19,2026-01-16,-86877.63,A vencer
PAG-70429,Prysmian Cabos do Brasil,10.035.429/0001-24,Insumos,2025-12-05,2025-12-20,-92852.42,Pago
PAG-70430,Schneider Electric Brasil,10.035.500/0001-37,Insumos,2025-12-25,2026-01-24,-47368.67,A vencer
PAG-70431,Schneider Electric Brasil,10.035.571/0001-50,Insumos,2025-12-25,2026-01-09,-36089.71,A vencer
PAG-70432,Schneider Electric Brasil,10.035.642/0001-63,Insumos,2025-12-02,2025-12-30,-48705.45,Pago
PAG-70433,Schneider Electric Brasil,10.035.713/0001-76,Insumos,2025-12-19,2026-01-16,-29607.22,A vencer
PAG-70434,Schneider Electric Brasil,10.035.784/0001-89,Insumos,2025-12-02,2026-01-16,-31876.26,A vencer
PAG-70435,Empalux Iluminação,10.035.855/0001-12,Insumos,2025-12-20,2026-02-03,-19074.33,A vencer
PAG-70436,Empalux Iluminação,10.035.926/0001-25,Insumos,2025-12-11,2025-12-26,-37255.63,Pago
PAG-70437,Empalux Iluminação,10.035.997/0001-38,Insumos,2025-12-04,2026-01-18,-41547.71,A vencer
PAG-70438,Avant Iluminação,10.036.068/0001-51,Insumos,2025-12-26,2026-02-09,-24918.37,A vencer
PAG-70439,Avant Iluminação,10.036.139/0001-64,Insumos,2025-12-19,2026-01-18,-28666.17,A vencer
PAG-70440,Tigre S.A.,10.036.210/0001-77,Insumos,2025-12-04,2026-01-03,-21223.02,A vencer
PAG-70441,Tigre S.A.,10.036.281/0001-90,Insumos,2025-12-06,2026-01-03,-27427.24,A vencer
PAG-70442,Tigre S.A.,10.036.352/0001-13,Insumos,2025-12-04,2026-01-01,-26475.09,A vencer
PAG-70443,Intelbras,10.036.423/0001-26,Insumos,2025-12-16,2026-01-13,-18070.27,A vencer
PAG-70444,Intelbras,10.036.494/0001-39,Insumos,2025-12-24,2026-02-07,-1141.16,A vencer
PAG-70445,Steck do Brasil,10.036.565/0001-52,Insumos,2025-12-09,2026-01-08,-21131.25,A vencer
PAG-70446,Steck do Brasil,10.036.636/0001-65,Insumos,2025-12-27,2026-01-26,-21451.72,A vencer
PAG-70447,WEG Equipamentos,10.036.707/0001-78,Insumos,2025-12-14,2026-01-11,-23247.9,A vencer
PAG-70448,Folha de Pagamento,10.036.778/0001-91,Folha,2025-12-17,2026-01-31,-20192.72,A vencer
PAG-70449,Folha de Pagamento,10.036.849/0001-14,Folha,2025-12-22,2026-01-21,-12607.14,A vencer
PAG-70450,Auriverde Imóveis,10.036.920/0001-27,Aluguel,2025-12-27,2026-01-11,-25408.63,A vencer
PAG-70451,CPFL Energia,10.036.991/0001-40,Energia,2025-12-14,2026-01-28,-18788.19,A vencer
PAG-70452,Marketing Digital Adoro,10.037.062/0001-53,Marketing,2025-12-14,2026-01-13,-24193.25,A vencer
PAG-70453,Receita Federal,10.037.133/0001-66,Impostos,2025-12-18,2026-01-17,-31106.93,A vencer
PAG-70454,Receita Federal,10.037.204/0001-79,Impostos,2025-12-16,2026-01-13,-7907.72,A vencer
PAG-70455,Sefaz SP,10.037.275/0001-92,Impostos,2025-12-16,2026-01-15,-5722.12,A vencer
